Seq,Motif,Position,Site,Score
chr17_58692712_G_T,SF2/ASF,161,CTGAGGA,4.61622
chr17_58692712_G_T,SF2/ASF (IgM-BRCA1),161,CTGAGGA,4.38046
chr17_58692712_G_T,SC35,208,GACTCCTG,5.85996
chr17_58692712_G_T,SRp40,172,CTAGAGG,3.93133
chr17_58692712_G_T,SRp55,6,TACGGC,4.71335
chr17_58692787_A_G,SF2/ASF,161,CTGAGGA,4.61622
chr17_58692787_A_G,SF2/ASF (IgM-BRCA1),161,CTGAGGA,4.38046
chr17_58692787_A_G,SC35,208,GACTCCTG,5.85996
chr17_58692787_A_G,SRp40,172,CTAGAGG,3.93133
chr17_58692787_A_G,SRp55,6,TACGGC,4.71335
chr17_58695007_A_G,SF2/ASF,228,CACAAGA,4.06536
chr17_58695007_A_G,SF2/ASF (IgM-BRCA1),226,CACACAA,3.62126
chr17_58695007_A_G,SC35,12,GACCACCG,4.97395
chr17_58695007_A_G,SRp40,227,ACACAAG,4.70696
chr17_58695007_A_G,SRp55,215,TACATC,4.91856
chr17_58696702_G_A,SF2/ASF,162,CAGAGGG,5.01196
chr17_58696702_G_A,SF2/ASF (IgM-BRCA1),162,CAGAGGG,4.37634
chr17_58696702_G_A,SC35,12,GACCACCG,4.97395
chr17_58696702_G_A,SRp40,241,ACACAAG,4.70696
chr17_58696702_G_A,SRp55,6,TACGGC,4.71335
chr17_58696735_A_G,SF2/ASF,162,CAGAGGG,5.01196
chr17_58696735_A_G,SF2/ASF (IgM-BRCA1),162,CAGAGGG,4.37634
chr17_58696735_A_G,SC35,12,GACCACCG,4.97395
chr17_58696735_A_G,SRp40,241,ACACAAG,4.70696
chr17_58696735_A_G,SRp55,6,TACGGC,4.71335
chr17_58696747_T_G,SF2/ASF,162,CAGAGGG,5.01196
chr17_58696747_T_G,SF2/ASF (IgM-BRCA1),162,CAGAGGG,4.37634
chr17_58696747_T_G,SC35,12,GACCACCG,4.97395
chr17_58696747_T_G,SRp40,241,ACACAAG,4.70696
chr17_58696747_T_G,SRp55,6,TACGGC,4.71335
chr17_58696750_A_G,SF2/ASF,162,CAGAGGG,5.01196
chr17_58696750_A_G,SF2/ASF (IgM-BRCA1),162,CAGAGGG,4.37634
chr17_58696750_A_G,SC35,12,GACCACCG,4.97395
chr17_58696750_A_G,SRp40,241,ACACAAG,4.70696
chr17_58696750_A_G,SRp55,6,TACGGC,4.71335
chr17_58696774_A_T,SF2/ASF,162,CAGAGGG,5.01196
chr17_58696774_A_T,SF2/ASF (IgM-BRCA1),162,CAGAGGG,4.37634
chr17_58696774_A_T,SC35,12,GACCACCG,4.97395
chr17_58696774_A_T,SRp40,241,ACACAAG,4.70696
chr17_58696774_A_T,SRp55,6,TACGGC,4.71335
chr17_58696786_T_A,SF2/ASF,162,CAGAGGG,5.01196
chr17_58696786_T_A,SF2/ASF (IgM-BRCA1),162,CAGAGGG,4.37634
chr17_58696786_T_A,SC35,12,GACCACCG,4.97395
chr17_58696786_T_A,SRp40,241,ACACAAG,4.70696
chr17_58696786_T_A,SRp55,6,TACGGC,4.71335
chr17_58696813_C_G,SF2/ASF,162,CAGAGGG,5.01196
chr17_58696813_C_G,SF2/ASF (IgM-BRCA1),162,CAGAGGG,4.37634
chr17_58696813_C_G,SC35,12,GACCACCG,4.97395
chr17_58696813_C_G,SRp40,241,ACACAAG,4.70696
chr17_58696813_C_G,SRp55,6,TACGGC,4.71335
chr17_58696813_C_T,SF2/ASF,162,CAGAGGG,5.01196
chr17_58696813_C_T,SF2/ASF (IgM-BRCA1),162,CAGAGGG,4.37634
chr17_58696813_C_T,SC35,12,GACCACCG,4.97395
chr17_58696813_C_T,SRp40,241,ACACAAG,4.70696
chr17_58696813_C_T,SRp55,6,TACGGC,4.71335
chr17_58703329_G_A,SF2/ASF,214,CAGACTA,4.22283
chr17_58703329_G_A,SF2/ASF (IgM-BRCA1),214,CAGACTA,3.47634
chr17_58703329_G_A,SC35,216,GACTACTG,5.38755
chr17_58703329_G_A,SRp40,155,TTACTGG,5.76662
chr17_58703329_G_A,SRp55,26,TACATC,4.91856
chr17_58709864_A_C,SF2/ASF,52,CAGAAGA,3.81913
chr17_58709864_A_C,SF2/ASF (IgM-BRCA1),52,CAGAAGA,3.10533
chr17_58709864_A_C,SC35,79,GGTCCCTG,5.88273
chr17_58709864_A_C,SRp40,282,CTTCTGC,3.52001
chr17_58709864_A_C,SRp55,6,TACGGC,4.71335
chr17_58732485_T_C,SF2/ASF,134,CACAGTA,3.86494
chr17_58732485_T_C,SF2/ASF (IgM-BRCA1),134,CACAGTA,3.64968
chr17_58732485_T_C,SC35,12,GACCACCG,4.97395
chr17_58732485_T_C,SRp40,221,TTACAAC,4.60188
chr17_58732485_T_C,SRp55,6,TACGGC,4.71335
chr17_58732487_G_A,SF2/ASF,134,CACAGTA,3.86494
chr17_58732487_G_A,SF2/ASF (IgM-BRCA1),134,CACAGTA,3.64968
chr17_58732487_G_A,SC35,12,GACCACCG,4.97395
chr17_58732487_G_A,SRp40,221,TTACAAC,4.60188
chr17_58732487_G_A,SRp55,6,TACGGC,4.71335
chr17_58732499_C_T,SF2/ASF,134,CACAGTA,3.86494
chr17_58732499_C_T,SF2/ASF (IgM-BRCA1),134,CACAGTA,3.64968
chr17_58732499_C_T,SC35,12,GACCACCG,4.97395
chr17_58732499_C_T,SRp40,221,TTACAAC,4.60188
chr17_58732499_C_T,SRp55,6,TACGGC,4.71335
chr17_58732502_G_A,SF2/ASF,134,CACAGTA,3.86494
chr17_58732502_G_A,SF2/ASF (IgM-BRCA1),134,CACAGTA,3.64968
chr17_58732502_G_A,SC35,12,GACCACCG,4.97395
chr17_58732502_G_A,SRp40,221,TTACAAC,4.60188
chr17_58732502_G_A,SRp55,6,TACGGC,4.71335
chr17_58732508_C_T,SF2/ASF,134,CACAGTA,3.86494
chr17_58732508_C_T,SF2/ASF (IgM-BRCA1),134,CACAGTA,3.64968
chr17_58732508_C_T,SC35,12,GACCACCG,4.97395
chr17_58732508_C_T,SRp40,221,TTACAAC,4.60188
chr17_58732508_C_T,SRp55,6,TACGGC,4.71335
chr17_58696802_CTT_TTA,SF2/ASF,162,CAGAGGG,5.01196
chr17_58696802_CTT_TTA,SF2/ASF (IgM-BRCA1),162,CAGAGGG,4.37634
chr17_58696802_CTT_TTA,SC35,12,GACCACCG,4.97395
chr17_58696802_CTT_TTA,SRp40,241,ACACAAG,4.70696
chr17_58696802_CTT_TTA,SRp55,6,TACGGC,4.71335
chr17_58696826_CTT_TTA,SF2/ASF,162,CAGAGGG,5.01196
chr17_58696826_CTT_TTA,SF2/ASF (IgM-BRCA1),162,CAGAGGG,4.37634
chr17_58696826_CTT_TTA,SC35,12,GACCACCG,4.97395
chr17_58696826_CTT_TTA,SRp40,221,TTACAGC,5.16971
chr17_58696826_CTT_TTA,SRp55,6,TACGGC,4.71335
chr17_58703258_CGC_AGA,SF2/ASF,214,CAGACTA,4.22283
chr17_58703258_CGC_AGA,SF2/ASF (IgM-BRCA1),214,CAGACTA,3.47634
chr17_58703258_CGC_AGA,SC35,216,GACTACTG,5.38755
chr17_58703258_CGC_AGA,SRp40,155,TTACTGG,5.76662
chr17_58703258_CGC_AGA,SRp55,26,TACATC,4.91856
chr17_58703258_CGC_AGG,SF2/ASF,214,CAGACTA,4.22283
chr17_58703258_CGC_AGG,SF2/ASF (IgM-BRCA1),214,CAGACTA,3.47634
chr17_58703258_CGC_AGG,SC35,216,GACTACTG,5.38755
chr17_58703258_CGC_AGG,SRp40,155,TTACTGG,5.76662
chr17_58703258_CGC_AGG,SRp55,26,TACATC,4.91856
chr17_58703264_CGT_AGA,SF2/ASF,214,CAGACTA,4.22283
chr17_58703264_CGT_AGA,SF2/ASF (IgM-BRCA1),214,CAGACTA,3.47634
chr17_58703264_CGT_AGA,SC35,216,GACTACTG,5.38755
chr17_58703264_CGT_AGA,SRp40,155,TTACTGG,5.76662
chr17_58703264_CGT_AGA,SRp55,26,TACATC,4.91856
chr17_58703264_CGT_AGG,SF2/ASF,214,CAGACTA,4.22283
chr17_58703264_CGT_AGG,SF2/ASF (IgM-BRCA1),214,CAGACTA,3.47634
chr17_58703264_CGT_AGG,SC35,216,GACTACTG,5.38755
chr17_58703264_CGT_AGG,SRp40,155,TTACTGG,5.76662
chr17_58703264_CGT_AGG,SRp55,26,TACATC,4.91856
chr17_58732485_TTG_CTA,SF2/ASF,134,CACAGTA,3.86494
chr17_58732485_TTG_CTA,SF2/ASF (IgM-BRCA1),134,CACAGTA,3.64968
chr17_58732485_TTG_CTA,SC35,12,GACCACCG,4.97395
chr17_58732485_TTG_CTA,SRp40,221,TTACAAC,4.60188
chr17_58732485_TTG_CTA,SRp55,6,TACGGC,4.71335